Name,Email,Contact Intelligence,Research Confidence,Last Researched,Campaign Success Probability,Intel Analysis
Metro FM,Metro FM,,Urban, contemporary, R&B, hip-hop,metrofm@sabc.co.za,ğŸµ Metro FM,Metro FM,,Urban, contemporary, R&B, hip-hop | Music Industry Contact
ğŸ“ Online/Global | Music Industry Professionals
ğŸ“§ Email: metrofm@sabc.co.za
ğŸ§ Focus: Various music genres
ğŸ’¡ Tip: Send professional pitch with streaming links
âœ… Research Confidence: Low | Updated: Aug 2025,Medium,2025-08-17T21:44:20.392Z,Low,Intel analysis not available
YFM,YFM,,Urban, hip-hop, R&B, pop,yfm@yfm.co.za,ğŸµ YFM,YFM,,Urban, hip-hop, R&B, pop | Music Industry Contact
ğŸ“ Online/Global | Music Industry Professionals
ğŸ“§ Email: yfm@yfm.co.za
ğŸ§ Focus: Various music genres
ğŸ’¡ Tip: Send professional pitch with streaming links
âœ… Research Confidence: Low | Updated: Aug 2025,Medium,2025-08-17T21:44:20.655Z,Low,Intel analysis not available
Kaya FM,Kaya FM,,Adult contemporary, urban, R&B, jazz,info@kayafm.co.za,ğŸµ Kaya FM,Kaya FM,,Adult contemporary, urban, R&B, jazz | Music Industry Contact
ğŸ“ Online/Global | Music Industry Professionals
ğŸ“§ Email: info@kayafm.co.za
ğŸ§ Focus: Various music genres
ğŸ’¡ Tip: Send professional pitch with streaming links
âœ… Research Confidence: Low | Updated: Aug 2025,Medium,2025-08-17T21:44:20.441Z,Low,Intel analysis not available
5FM,5FM,,Pop, contemporary hits, dance, R&B,5fm@sabc.co.za,ğŸµ 5FM,5FM,,Pop, contemporary hits, dance, R&B | Music Industry Contact
ğŸ“ Online/Global | Music Industry Professionals
ğŸ“§ Email: 5fm@sabc.co.za
ğŸ§ Focus: Various music genres
ğŸ’¡ Tip: Send professional pitch with streaming links
âœ… Research Confidence: Low | Updated: Aug 2025,Medium,2025-08-17T21:44:20.497Z,Low,Intel analysis not available
Highveld Stereo 94.7,Highveld Stereo 94.7,,Pop, contemporary hits, R&B,studio@947.co.za,ğŸµ Highveld Stereo 94.7,Highveld Stereo 94.7,,Pop, contemporary hits, R&B | Music Industry Contact
ğŸ“ Online/Global | Music Industry Professionals
ğŸ“§ Email: studio@947.co.za
ğŸ§ Focus: Various music genres
ğŸ’¡ Tip: Send professional pitch with streaming links
âœ… Research Confidence: Low | Updated: Aug 2025,Medium,2025-08-17T21:44:20.755Z,Low,Intel analysis not available
Power FM,Power FM,,Talk, urban, R&B,info@power987.co.za,ğŸµ Power FM,Power FM,,Talk, urban, R&B | Music Industry Contact
ğŸ“ Online/Global | Music Industry Professionals
ğŸ“§ Email: info@power987.co.za
ğŸ§ Focus: Various music genres
ğŸ’¡ Tip: Send professional pitch with streaming links
âœ… Research Confidence: Low | Updated: Aug 2025,Medium,2025-08-17T21:44:20.807Z,Low,Intel analysis not available
Jozi FM,Jozi FM,,Urban, community, R&B, pop,info@jozifm.co.za,ğŸµ Jozi FM,Jozi FM,,Urban, community, R&B, pop | Music Industry Contact
ğŸ“ Online/Global | Music Industry Professionals
ğŸ“§ Email: info@jozifm.co.za
ğŸ§ Focus: Various music genres
ğŸ’¡ Tip: Send professional pitch with streaming links
âœ… Research Confidence: Low | Updated: Aug 2025,Medium,2025-08-17T21:44:20.189Z,Low,Intel analysis not available
Radio 2000,Radio 2000,,Adult contemporary, sports, talk, R&B,radio2000@sabc.co.za,ğŸµ Radio 2000,Radio 2000,,Adult contemporary, sports, talk, R&B | Music Industry Contact
ğŸ“ Online/Global | Music Industry Professionals
ğŸ“§ Email: radio2000@sabc.co.za
ğŸ§ Focus: Various music genres
ğŸ’¡ Tip: Send professional pitch with streaming links
âœ… Research Confidence: Low | Updated: Aug 2025,Medium,2025-08-17T21:44:20.139Z,Low,Intel analysis not available
Good Hope FM,Good Hope FM,,Contemporary hits, R&B, pop,goodhopefm@sabc.co.za,ğŸµ Good Hope FM,Good Hope FM,,Contemporary hits, R&B, pop | Music Industry Contact
ğŸ“ Online/Global | Music Industry Professionals
ğŸ“§ Email: goodhopefm@sabc.co.za
ğŸ§ Focus: Various music genres
ğŸ’¡ Tip: Send professional pitch with streaming links
âœ… Research Confidence: Low | Updated: Aug 2025,Medium,2025-08-17T21:44:20.857Z,Low,Intel analysis not available
Radio Pulpit,Radio Pulpit,,Christian, contemporary, R&B,info@radiopulpit.co.za,ğŸµ Radio Pulpit,Radio Pulpit,,Christian, contemporary, R&B | Music Industry Contact
ğŸ“ Online/Global | Music Industry Professionals
ğŸ“§ Email: info@radiopulpit.co.za
ğŸ§ Focus: Various music genres
ğŸ’¡ Tip: Send professional pitch with streaming links
âœ… Research Confidence: Low | Updated: Aug 2025,Medium,2025-08-17T21:44:20.241Z,Low,Intel analysis not available
Ligwalagwala FM,Ligwalagwala FM,,African, urban, R&B, pop,info@ligwalagwalafm.co.za,ğŸµ Ligwalagwala FM,Ligwalagwala FM,,African, urban, R&B, pop | Music Industry Contact
ğŸ“ Online/Global | Music Industry Professionals
ğŸ“§ Email: info@ligwalagwalafm.co.za
ğŸ§ Focus: Various music genres
ğŸ’¡ Tip: Send professional pitch with streaming links
âœ… Research Confidence: Low | Updated: Aug 2025,Medium,2025-08-17T21:44:21.113Z,Low,Intel analysis not available
Thobela FM,Thobela FM,,African, urban, R&B, pop,info@thobelafm.co.za,ğŸµ Thobela FM,Thobela FM,,African, urban, R&B, pop | Music Industry Contact
ğŸ“ Online/Global | Music Industry Professionals
ğŸ“§ Email: info@thobelafm.co.za
ğŸ§ Focus: Various music genres
ğŸ’¡ Tip: Send professional pitch with streaming links
âœ… Research Confidence: Low | Updated: Aug 2025,Medium,2025-08-17T21:44:20.707Z,Low,Intel analysis not available
Ukhozi FM,Ukhozi FM,,African, urban, R&B, pop,ukhozi@sabc.co.za,ğŸµ Ukhozi FM,Ukhozi FM,,African, urban, R&B, pop | Music Industry Contact
ğŸ“ Online/Global | Music Industry Professionals
ğŸ“§ Email: ukhozi@sabc.co.za
ğŸ§ Focus: Various music genres
ğŸ’¡ Tip: Send professional pitch with streaming links
âœ… Research Confidence: Low | Updated: Aug 2025,Medium,2025-08-17T21:44:20.911Z,Low,Intel analysis not available
Gagasi FM,Gagasi FM,,Urban, contemporary, R&B,info@gagasiradio.fm,ğŸµ Gagasi FM,Gagasi FM,,Urban, contemporary, R&B | Music Industry Contact
ğŸ“ Online/Global | Music Industry Professionals
ğŸ“§ Email: info@gagasiradio.fm
ğŸ§ Focus: Various music genres
ğŸ’¡ Tip: Send professional pitch with streaming links
âœ… Research Confidence: Low | Updated: Aug 2025,Medium,2025-08-17T21:44:20.962Z,Low,Intel analysis not available
Vuma FM,Vuma FM,,Urban, contemporary, R&B,info@vumafm.co.za,ğŸµ Vuma FM,Vuma FM,,Urban, contemporary, R&B | Music Industry Contact
ğŸ“ Online/Global | Music Industry Professionals
ğŸ“§ Email: info@vumafm.co.za
ğŸ§ Focus: Various music genres
ğŸ’¡ Tip: Send professional pitch with streaming links
âœ… Research Confidence: Low | Updated: Aug 2025,Medium,2025-08-17T21:44:20.599Z,Low,Intel analysis not available
Heart FM,Heart FM,,Contemporary hits, R&B, pop,info@heartfm.co.za,ğŸµ Heart FM,Heart FM,,Contemporary hits, R&B, pop | Music Industry Contact
ğŸ“ Online/Global | Music Industry Professionals
ğŸ“§ Email: info@heartfm.co.za
ğŸ§ Focus: Various music genres
ğŸ’¡ Tip: Send professional pitch with streaming links
âœ… Research Confidence: Low | Updated: Aug 2025,Medium,2025-08-17T21:44:24.447Z,Low,Intel analysis not available
East Coast Radio,East Coast Radio,,Contemporary hits, R&B, pop,info@ecr.co.za,ğŸµ East Coast Radio,East Coast Radio,,Contemporary hits, R&B, pop | Music Industry Contact
ğŸ“ Online/Global | Music Industry Professionals
ğŸ“§ Email: info@ecr.co.za
ğŸ§ Focus: Various music genres
ğŸ’¡ Tip: Send professional pitch with streaming links
âœ… Research Confidence: Low | Updated: Aug 2025,Medium,2025-08-17T21:44:23.989Z,Low,Intel analysis not available
Capricorn FM,Capricorn FM,,Urban, contemporary, R&B,info@capricornfm.co.za,ğŸµ Capricorn FM,Capricorn FM,,Urban, contemporary, R&B | Music Industry Contact
ğŸ“ Online/Global | Music Industry Professionals
ğŸ“§ Email: info@capricornfm.co.za
ğŸ§ Focus: Various music genres
ğŸ’¡ Tip: Send professional pitch with streaming links
âœ… Research Confidence: Low | Updated: Aug 2025,Medium,2025-08-17T21:44:23.938Z,Low,Intel analysis not available
North West FM,North West FM,,Urban, contemporary, R&B,info@northwestfm.co.za,ğŸµ North West FM,North West FM,,Urban, contemporary, R&B | Music Industry Contact
ğŸ“ Online/Global | Music Industry Professionals
ğŸ“§ Email: info@northwestfm.co.za
ğŸ§ Focus: Various music genres
ğŸ’¡ Tip: Send professional pitch with streaming links
âœ… Research Confidence: Low | Updated: Aug 2025,Medium,2025-08-17T21:44:24.091Z,Low,Intel analysis not available
OFM,OFM,,Urban, contemporary, R&B,info@ofm.co.za,ğŸµ OFM,OFM,,Urban, contemporary, R&B | Music Industry Contact
ğŸ“ Online/Global | Music Industry Professionals
ğŸ“§ Email: info@ofm.co.za
ğŸ§ Focus: Various music genres
ğŸ’¡ Tip: Send professional pitch with streaming links
âœ… Research Confidence: Low | Updated: Aug 2025,Medium,2025-08-17T21:44:24.396Z,Low,Intel analysis not available
Bush Radio,Bush Radio,,Community, R&B, pop,info@bushradio.co.za,ğŸµ Bush Radio,Bush Radio,,Community, R&B, pop | Music Industry Contact
ğŸ“ Online/Global | Music Industry Professionals
ğŸ“§ Email: info@bushradio.co.za
ğŸ§ Focus: Various music genres
ğŸ’¡ Tip: Send professional pitch with streaming links
âœ… Research Confidence: Low | Updated: Aug 2025,Medium,2025-08-17T21:44:23.696Z,Low,Intel analysis not available
CCFM,CCFM,,Christian, contemporary, R&B,info@ccfm.org.za,ğŸµ CCFM,CCFM,,Christian, contemporary, R&B | Music Industry Contact
ğŸ“ Online/Global | Music Industry Professionals
ğŸ“§ Email: info@ccfm.org.za
ğŸ§ Focus: Various music genres
ğŸ’¡ Tip: Send professional pitch with streaming links
âœ… Research Confidence: Low | Updated: Aug 2025,Medium,2025-08-17T21:44:24.138Z,Low,Intel analysis not available
Rise FM,Rise FM,,Contemporary hits, R&B, pop,info@risefm.co.za,ğŸµ Rise FM,Rise FM,,Contemporary hits, R&B, pop | Music Industry Contact
ğŸ“ Online/Global | Music Industry Professionals
ğŸ“§ Email: info@risefm.co.za
ğŸ§ Focus: Various music genres
ğŸ’¡ Tip: Send professional pitch with streaming links
âœ… Research Confidence: Low | Updated: Aug 2025,Medium,2025-08-17T21:44:23.784Z,Low,Intel analysis not available
Radio Jacaranda,Radio Jacaranda,,Adult contemporary, R&B, pop,info@jacarandafm.com,ğŸµ Radio Jacaranda,Radio Jacaranda,,Adult contemporary, R&B, pop | Music Industry Contact
ğŸ“ Online/Global | Music Industry Professionals
ğŸ“§ Email: info@jacarandafm.com
ğŸ§ Focus: Various music genres
ğŸ’¡ Tip: Send professional pitch with streaming links
âœ… Research Confidence: Low | Updated: Aug 2025,Medium,2025-08-17T21:44:24.038Z,Low,Intel analysis not available
Pretoria FM,Pretoria FM,,Adult contemporary, R&B, pop,info@pretoriafm.co.za,ğŸµ Pretoria FM,Pretoria FM,,Adult contemporary, R&B, pop | Music Industry Contact
ğŸ“ Online/Global | Music Industry Professionals
ğŸ“§ Email: info@pretoriafm.co.za
ğŸ§ Focus: Various music genres
ğŸ’¡ Tip: Send professional pitch with streaming links
âœ… Research Confidence: Low | Updated: Aug 2025,Medium,2025-08-17T21:44:24.237Z,Low,Intel analysis not available
Channel Africa,Channel Africa,,International, R&B, pop,info@channelafrica.co.za,ğŸµ Channel Africa,Channel Africa,,International, R&B, pop | Music Industry Contact
ğŸ“ Online/Global | Music Industry Professionals
ğŸ“§ Email: info@channelafrica.co.za
ğŸ§ Focus: Various music genres
ğŸ’¡ Tip: Send professional pitch with streaming links
âœ… Research Confidence: Low | Updated: Aug 2025,Medium,2025-08-17T21:44:24.289Z,Low,Intel analysis not available
Power 105.1,Power 105.1,,Urban, R&B, hip-hop,info@power1051fm.com,ğŸµ Power 105.1,Power 105.1,,Urban, R&B, hip-hop | Music Industry Contact
ğŸ“ Online/Global | Music Industry Professionals
ğŸ“§ Email: info@power1051fm.com
ğŸ§ Focus: Various music genres
ğŸ’¡ Tip: Send professional pitch with streaming links
âœ… Research Confidence: Low | Updated: Aug 2025,Medium,2025-08-17T21:44:23.836Z,Low,Intel analysis not available
Hot 97,Hot 97,,Urban, hip-hop, R&B,feedback@hot97.com,ğŸµ Hot 97,Hot 97,,Urban, hip-hop, R&B | Music Industry Contact
ğŸ“ Online/Global | Music Industry Professionals
ğŸ“§ Email: feedback@hot97.com
ğŸ§ Focus: Various music genres
ğŸ’¡ Tip: Send professional pitch with streaming links
âœ… Research Confidence: Low | Updated: Aug 2025,Medium,2025-08-17T21:44:23.889Z,Low,Intel analysis not available
KISS FM (Los Angeles),KISS FM (Los Angeles),,Top 40, pop, R&B,kissfm@iheartmedia.com,ğŸµ KISS FM (Los Angeles),KISS FM (Los Angeles),,Top 40, pop, R&B | Music Industry Contact
ğŸ“ Online/Global | Music Industry Professionals
ğŸ“§ Email: kissfm@iheartmedia.com
ğŸ§ Focus: Various music genres
ğŸ’¡ Tip: Send professional pitch with streaming links
âœ… Research Confidence: Low | Updated: Aug 2025,Medium,2025-08-17T21:44:24.190Z,Low,Intel analysis not available
WBLS 107.5,WBLS 107.5,,Urban, R&B, classic soul,programming@wbls.com,ğŸµ WBLS 107.5,WBLS 107.5,,Urban, R&B, classic soul | Music Industry Contact
ğŸ“ Online/Global | Music Industry Professionals
ğŸ“§ Email: programming@wbls.com
ğŸ§ Focus: Various music genres
ğŸ’¡ Tip: Send professional pitch with streaming links
âœ… Research Confidence: Low | Updated: Aug 2025,Medium,2025-08-17T21:44:24.339Z,Low,Intel analysis not available
V-103,V-103,,Urban, R&B, hip-hop,contactus@v103.com,ğŸµ V-103,V-103,,Urban, R&B, hip-hop | Music Industry Contact
ğŸ“ Online/Global | Music Industry Professionals
ğŸ“§ Email: contactus@v103.com
ğŸ§ Focus: Various music genres
ğŸ’¡ Tip: Send professional pitch with streaming links
âœ… Research Confidence: Low | Updated: Aug 2025,Medium,2025-08-17T21:44:27.326Z,Low,Intel analysis not available
KIIS 1065,KIIS 1065,,Contemporary hits, pop, R&B,info@kiis1065.com.au,ğŸµ KIIS 1065,KIIS 1065,,Contemporary hits, pop, R&B | Music Industry Contact
ğŸ“ Online/Global | Music Industry Professionals
ğŸ“§ Email: info@kiis1065.com.au
ğŸ§ Focus: Various music genres
ğŸ’¡ Tip: Send professional pitch with streaming links
âœ… Research Confidence: Low | Updated: Aug 2025,Medium,2025-08-17T21:44:27.252Z,Low,Intel analysis not available
Nova 96.9,Nova 96.9,,Contemporary hits, pop, R&B,info@nova969.com.au,ğŸµ Nova 96.9,Nova 96.9,,Contemporary hits, pop, R&B | Music Industry Contact
ğŸ“ Online/Global | Music Industry Professionals
ğŸ“§ Email: info@nova969.com.au
ğŸ§ Focus: Various music genres
ğŸ’¡ Tip: Send professional pitch with streaming links
âœ… Research Confidence: Low | Updated: Aug 2025,Medium,2025-08-17T21:44:27.681Z,Low,Intel analysis not available
Triple J,Triple J,,Alternative, contemporary hits, R&B,triplej@abc.net.au,ğŸµ Triple J,Triple J,,Alternative, contemporary hits, R&B | Music Industry Contact
ğŸ“ Online/Global | Music Industry Professionals
ğŸ“§ Email: triplej@abc.net.au
ğŸ§ Focus: Various music genres
ğŸ’¡ Tip: Send professional pitch with streaming links
âœ… Research Confidence: Low | Updated: Aug 2025,Medium,2025-08-17T21:44:27.125Z,Low,Intel analysis not available
Fox FM,Fox FM,,Contemporary hits, pop, R&B,fox@fox.com.au,ğŸµ Fox FM,Fox FM,,Contemporary hits, pop, R&B | Music Industry Contact
ğŸ“ Online/Global | Music Industry Professionals
ğŸ“§ Email: fox@fox.com.au
ğŸ§ Focus: Various music genres
ğŸ’¡ Tip: Send professional pitch with streaming links
âœ… Research Confidence: Low | Updated: Aug 2025,Medium,2025-08-17T21:44:27.017Z,Low,Intel analysis not available
B105,B105,,Contemporary hits, pop, R&B,b105@b105.com.au,ğŸµ B105,B105,,Contemporary hits, pop, R&B | Music Industry Contact
ğŸ“ Online/Global | Music Industry Professionals
ğŸ“§ Email: b105@b105.com.au
ğŸ§ Focus: Various music genres
ğŸ’¡ Tip: Send professional pitch with streaming links
âœ… Research Confidence: Low | Updated: Aug 2025,Medium,2025-08-17T21:44:27.531Z,Low,Intel analysis not available
Flow 93.5,Flow 93.5,,Urban, R&B, hip-hop,info@flow935.com,ğŸµ Flow 93.5,Flow 93.5,,Urban, R&B, hip-hop | Music Industry Contact
ğŸ“ Online/Global | Music Industry Professionals
ğŸ“§ Email: info@flow935.com
ğŸ§ Focus: Various music genres
ğŸ’¡ Tip: Send professional pitch with streaming links
âœ… Research Confidence: Low | Updated: Aug 2025,Medium,2025-08-17T21:44:27.428Z,Low,Intel analysis not available
Hot 107,Hot 107,,Contemporary hits, pop, R&B,info@hot107.ca,ğŸµ Hot 107,Hot 107,,Contemporary hits, pop, R&B | Music Industry Contact
ğŸ“ Online/Global | Music Industry Professionals
ğŸ“§ Email: info@hot107.ca
ğŸ§ Focus: Various music genres
ğŸ’¡ Tip: Send professional pitch with streaming links
âœ… Research Confidence: Low | Updated: Aug 2025,Medium,2025-08-17T21:44:27.072Z,Low,Intel analysis not available
Z103.5,Z103.5,,Contemporary hits, dance, R&B,info@z1035.com,ğŸµ Z103.5,Z103.5,,Contemporary hits, dance, R&B | Music Industry Contact
ğŸ“ Online/Global | Music Industry Professionals
ğŸ“§ Email: info@z1035.com
ğŸ§ Focus: Various music genres
ğŸ’¡ Tip: Send professional pitch with streaming links
âœ… Research Confidence: Low | Updated: Aug 2025,Medium,2025-08-17T21:44:27.629Z,Low,Intel analysis not available
KISS 92.5,KISS 92.5,,Contemporary hits, pop, R&B,info@kiss925.com,ğŸµ KISS 92.5,KISS 92.5,,Contemporary hits, pop, R&B | Music Industry Contact
ğŸ“ Online/Global | Music Industry Professionals
ğŸ“§ Email: info@kiss925.com
ğŸ§ Focus: Various music genres
ğŸ’¡ Tip: Send professional pitch with streaming links
âœ… Research Confidence: Low | Updated: Aug 2025,Medium,2025-08-17T21:44:27.581Z,Low,Intel analysis not available
91.5 The Beat,91.5 The Beat,,Contemporary hits, pop, R&B,info@915thebeat.com,ğŸµ 91.5 The Beat,91.5 The Beat,,Contemporary hits, pop, R&B | Music Industry Contact
ğŸ“ Online/Global | Music Industry Professionals
ğŸ“§ Email: info@915thebeat.com
ğŸ§ Focus: Various music genres
ğŸ’¡ Tip: Send professional pitch with streaming links
âœ… Research Confidence: Low | Updated: Aug 2025,Medium,2025-08-17T21:44:27.180Z,Low,Intel analysis not available
Jam FM,Jam FM,,Urban, R&B, hip-hop,info@jamfm.de,ğŸµ Jam FM,Jam FM,,Urban, R&B, hip-hop | Music Industry Contact
ğŸ“ Online/Global | Music Industry Professionals
ğŸ“§ Email: info@jamfm.de
ğŸ§ Focus: Various music genres
ğŸ’¡ Tip: Send professional pitch with streaming links
âœ… Research Confidence: Low | Updated: Aug 2025,Medium,2025-08-17T21:44:27.477Z,Low,Intel analysis not available
Energy Berlin,Energy Berlin,,Contemporary hits, pop, R&B,info@energy.de,ğŸµ Energy Berlin,Energy Berlin,,Contemporary hits, pop, R&B | Music Industry Contact
ğŸ“ Online/Global | Music Industry Professionals
ğŸ“§ Email: info@energy.de
ğŸ§ Focus: Various music genres
ğŸ’¡ Tip: Send professional pitch with streaming links
âœ… Research Confidence: Low | Updated: Aug 2025,Medium,2025-08-17T21:44:27.374Z,Low,Intel analysis not available
Radio Hamburg,Radio Hamburg,,Contemporary hits, pop, R&B,info@radiohamburg.de,ğŸµ Radio Hamburg,Radio Hamburg,,Contemporary hits, pop, R&B | Music Industry Contact
ğŸ“ Online/Global | Music Industry Professionals
ğŸ“§ Email: info@radiohamburg.de
ğŸ§ Focus: Various music genres
ğŸ’¡ Tip: Send professional pitch with streaming links
âœ… Research Confidence: Low | Updated: Aug 2025,Medium,2025-08-17T21:44:27.729Z,Low,Intel analysis not available
bigFM,bigFM,,Urban, R&B, hip-hop,info@bigfm.de,ğŸµ bigFM,bigFM,,Urban, R&B, hip-hop | Music Industry Contact
ğŸ“ Online/Global | Music Industry Professionals
ğŸ“§ Email: info@bigfm.de
ğŸ§ Focus: Various music genres
ğŸ’¡ Tip: Send professional pitch with streaming links
âœ… Research Confidence: Low | Updated: Aug 2025,Medium,2025-08-17T21:44:27.803Z,Low,Intel analysis not available
1LIVE,1LIVE,,Contemporary hits, pop, R&B,info@1live.de,ğŸµ 1LIVE,1LIVE,,Contemporary hits, pop, R&B | Music Industry Contact
ğŸ“ Online/Global | Music Industry Professionals
ğŸ“§ Email: info@1live.de
ğŸ§ Focus: Various music genres
ğŸ’¡ Tip: Send professional pitch with streaming links
âœ… Research Confidence: Low | Updated: Aug 2025,Medium,2025-08-17T21:44:31.167Z,Low,Intel analysis not available
NRJ,NRJ,,Contemporary hits, pop, R&B,info@nrj.fr,ğŸµ NRJ,NRJ,,Contemporary hits, pop, R&B | Music Industry Contact
ğŸ“ Online/Global | Music Industry Professionals
ğŸ“§ Email: info@nrj.fr
ğŸ§ Focus: Various music genres
ğŸ’¡ Tip: Send professional pitch with streaming links
âœ… Research Confidence: Low | Updated: Aug 2025,Medium,2025-08-17T21:44:30.864Z,Low,Intel analysis not available
Skyrock,Skyrock,,Urban, R&B, hip-hop,info@skyrock.fm,ğŸµ Skyrock,Skyrock,,Urban, R&B, hip-hop | Music Industry Contact
ğŸ“ Online/Global | Music Industry Professionals
ğŸ“§ Email: info@skyrock.fm
ğŸ§ Focus: Various music genres
ğŸ’¡ Tip: Send professional pitch with streaming links
âœ… Research Confidence: Low | Updated: Aug 2025,Medium,2025-08-17T21:44:30.661Z,Low,Intel analysis not available
Radio FG,Radio FG,,Dance, electronic, R&B,info@radiofg.com,ğŸµ Radio FG,Radio FG,,Dance, electronic, R&B | Music Industry Contact
ğŸ“ Online/Global | Music Industry Professionals
ğŸ“§ Email: info@radiofg.com
ğŸ§ Focus: Various music genres
ğŸ’¡ Tip: Send professional pitch with streaming links
âœ… Research Confidence: Low | Updated: Aug 2025,Medium,2025-08-17T21:44:30.943Z,Low,Intel analysis not available
Fun Radio,Fun Radio,,Contemporary hits, pop, R&B,info@funradio.fr,ğŸµ Fun Radio,Fun Radio,,Contemporary hits, pop, R&B | Music Industry Contact
ğŸ“ Online/Global | Music Industry Professionals
ğŸ“§ Email: info@funradio.fr
ğŸ§ Focus: Various music genres
ğŸ’¡ Tip: Send professional pitch with streaming links
âœ… Research Confidence: Low | Updated: Aug 2025,Medium,2025-08-17T21:44:30.713Z,Low,Intel analysis not available
RTL2,RTL2,,Adult contemporary, pop, R&B,info@rtl2.fr,ğŸµ RTL2,RTL2,,Adult contemporary, pop, R&B | Music Industry Contact
ğŸ“ Online/Global | Music Industry Professionals
ğŸ“§ Email: info@rtl2.fr
ğŸ§ Focus: Various music genres
ğŸ’¡ Tip: Send professional pitch with streaming links
âœ… Research Confidence: Low | Updated: Aug 2025,Medium,2025-08-17T21:44:31.066Z,Low,Intel analysis not available
KBS Cool FM,KBS Cool FM,,Contemporary hits, pop, R&B,coolfm@kbs.co.kr,ğŸµ KBS Cool FM,KBS Cool FM,,Contemporary hits, pop, R&B | Music Industry Contact
ğŸ“ Online/Global | Music Industry Professionals
ğŸ“§ Email: coolfm@kbs.co.kr
ğŸ§ Focus: Various music genres
ğŸ’¡ Tip: Send professional pitch with streaming links
âœ… Research Confidence: Low | Updated: Aug 2025,Medium,2025-08-17T21:44:30.506Z,Low,Intel analysis not available
SBS Power FM,SBS Power FM,,Contemporary hits, pop, R&B,powerfm@sbs.co.kr,ğŸµ SBS Power FM,SBS Power FM,,Contemporary hits, pop, R&B | Music Industry Contact
ğŸ“ Online/Global | Music Industry Professionals
ğŸ“§ Email: powerfm@sbs.co.kr
ğŸ§ Focus: Various music genres
ğŸ’¡ Tip: Send professional pitch with streaming links
âœ… Research Confidence: Low | Updated: Aug 2025,Medium,2025-08-17T21:44:30.816Z,Low,Intel analysis not available
MBC FM4U,MBC FM4U,,Contemporary hits, pop, R&B,fm4u@mbc.co.kr,ğŸµ MBC FM4U,MBC FM4U,,Contemporary hits, pop, R&B | Music Industry Contact
ğŸ“ Online/Global | Music Industry Professionals
ğŸ“§ Email: fm4u@mbc.co.kr
ğŸ§ Focus: Various music genres
ğŸ’¡ Tip: Send professional pitch with streaming links
âœ… Research Confidence: Low | Updated: Aug 2025,Medium,2025-08-17T21:44:30.452Z,Low,Intel analysis not available
Arirang Radio,Arirang Radio,,International hits, pop, R&B,radio@arirang.com,ğŸµ Arirang Radio,Arirang Radio,,International hits, pop, R&B | Music Industry Contact
ğŸ“ Online/Global | Music Industry Professionals
ğŸ“§ Email: radio@arirang.com
ğŸ§ Focus: Various music genres
ğŸ’¡ Tip: Send professional pitch with streaming links
âœ… Research Confidence: Low | Updated: Aug 2025,Medium,2025-08-17T21:44:31.017Z,Low,Intel analysis not available
TBS eFM,TBS eFM,,Contemporary hits, pop, R&B,efm@tbs.seoul.kr,ğŸµ TBS eFM,TBS eFM,,Contemporary hits, pop, R&B | Music Industry Contact
ğŸ“ Online/Global | Music Industry Professionals
ğŸ“§ Email: efm@tbs.seoul.kr
ğŸ§ Focus: Various music genres
ğŸ’¡ Tip: Send professional pitch with streaming links
âœ… Research Confidence: Low | Updated: Aug 2025,Medium,2025-08-17T21:44:31.120Z,Low,Intel analysis not available
UCT Radio,UCT Radio,,Contemporary hits, pop, R&B,uwcradio@uwc.ac.za,ğŸµ UCT Radio,UCT Radio,,Contemporary hits, pop, R&B | Music Industry Contact
ğŸ“ Online/Global | Music Industry Professionals
ğŸ“§ Email: uwcradio@uwc.ac.za
ğŸ§ Focus: Various music genres
ğŸ’¡ Tip: Send professional pitch with streaming links
âœ… Research Confidence: Low | Updated: Aug 2025,Medium,2025-08-17T21:44:30.560Z,Low,Intel analysis not available
UCT Radio,UCT Radio,,Contemporary hits, pop, R&B,info@uctradio.co.za,ğŸµ UCT Radio,UCT Radio,,Contemporary hits, pop, R&B | Music Industry Contact
ğŸ“ Online/Global | Music Industry Professionals
ğŸ“§ Email: info@uctradio.co.za
ğŸ§ Focus: Various music genres
ğŸ’¡ Tip: Send professional pitch with streaming links
âœ… Research Confidence: Low | Updated: Aug 2025,Medium,2025-08-17T21:44:30.608Z,Low,Intel analysis not available
West Coast College,West Coast College,,Contemporary hits, pop, R&B,info@westcoastcollege.co.za,ğŸµ West Coast College,West Coast College,,Contemporary hits, pop, R&B | Music Industry Contact
ğŸ“ Online/Global | Music Industry Professionals
ğŸ“§ Email: info@westcoastcollege.co.za
ğŸ§ Focus: Various music genres
ğŸ’¡ Tip: Send professional pitch with streaming links
âœ… Research Confidence: Low | Updated: Aug 2025,Medium,2025-08-17T21:44:30.400Z,Low,Intel analysis not available
Flow 93.5,Flow 93.5,,Contemporary hits, pop, R&B,info@flow935.com,ğŸµ Flow 93.5,Flow 93.5,,Contemporary hits, pop, R&B | Music Industry Contact
ğŸ“ Online/Global | Music Industry Professionals
ğŸ“§ Email: info@flow935.com
ğŸ§ Focus: Various music genres
ğŸ’¡ Tip: Send professional pitch with streaming links
âœ… Research Confidence: Low | Updated: Aug 2025,Medium,2025-08-17T21:44:30.765Z,Low,Intel analysis not available
Nova 96.9,Nova 96.9,,Contemporary hits, pop, R&B,info@nova969.com.au,ğŸµ Nova 96.9,Nova 96.9,,Contemporary hits, pop, R&B | Music Industry Contact
ğŸ“ Online/Global | Music Industry Professionals
ğŸ“§ Email: info@nova969.com.au
ğŸ§ Focus: Various music genres
ğŸ’¡ Tip: Send professional pitch with streaming links
âœ… Research Confidence: Low | Updated: Aug 2025,Medium,2025-08-17T21:44:33.987Z,Low,Intel analysis not available
Power 105.1,Thea,,Contemporary hits, pop, R&B,theamitchem@iheartmedia.com,ğŸµ Power 105.1,Thea,,Contemporary hits, pop, R&B | Music Industry Contact
ğŸ“ Online/Global | Music Industry Professionals
ğŸ“§ Email: theamitchem@iheartmedia.com
ğŸ§ Focus: Various music genres
ğŸ’¡ Tip: Send professional pitch with streaming links
âœ… Research Confidence: Low | Updated: Aug 2025,Medium,2025-08-17T21:44:34.036Z,Low,Intel analysis not available